{
  "zeros_1000x1000": 76.1763600166887,
  "rand_1000x1000": 3271.9301199540496,
  "add_1000x1000": 201.62505970802158,
  "sub_1000x1000": 182.6656999764964,
  "mul_1000x1000": 188.9460301026702,
  "div_1000x1000": 183.28333040699363,
  "neg_1000x1000": 124.92723006289454,
  "abs_1000x1000": 120.36501022521406,
  "relu_1000x1000": 143.0471200728789,
  "sigmoid_1000x1000": 944.6006000507623,
  "tanh_1000x1000": 1256.407979526557,
  "matmul_64x64": 5.353199667297304,
  "matmul_256x256": 70.03589009400457,
  "matmul_1024x1024": 3388.0030503496528,
  "exp_1000x1000": 620.0597301358357,
  "log_1000x1000": 941.5521600749344,
  "sqrt_1000x1000": 142.07185013219714,
  "sin_1000x1000": 680.7395303621888,
  "cos_1000x1000": 701.78191002924,
  "pow_1000x1000": 234.2163200955838,
  "sum_all_1000x1000": 123.0063196271658,
  "sum_dim0_1000x1000": 80.49839991144836,
  "sum_dim1_1000x1000": 127.26207030937077,
  "mean_dim0_1000x1000": 73.20748991332948,
  "mean_dim1_1000x1000": 130.74188958853483,
  "max_dim0_1000x1000": 86.43809997010976,
  "prod_all_1000x1000": 752.338360180147,
  "cumsum_dim0_1000x1000": 1678.6545398645103,
  "cumprod_dim0_1000x1000": 2293.144389986992,
  "transpose_1000x1000": 367.1689302427694,
  "reshape_1000x1000": 0.0943097984418273,
  "concatenate_4x250x1000": 122.47339007444678,
  "broadcast_add_1000": 244.56584011204538,
  "broadcast_mul_3d": 549.4510399876162,
  "gather_10k_from_1kx128": 149.32185993529856,
  "f64_add_1000x1000": 401.51113003958017,
  "f64_matmul_512x512": 909.2041989788413,
  "f64_exp_1000x1000": 2533.132079988718
}